PrimeiroNome,Sobrenome,Login
001,0036,001.0036
001,0037,001.0037
001,0038,001.0038
001,0001,001.0001
001,0039,001.0039
001,0079,001.0079
001,0040,001.0040
001,0077,001.0077
001,0041,001.0041
001,0006,001.0006
001,0080,001.0080
001,0042,001.0042
001,0008,001.0008
001,0043,001.0043
001,0009,001.0009
001,0013,001.0013
001,0015,001.0015
001,0045,001.0045
001,0016,001.0016
001,0046,001.0046
001,0078,001.0078
001,0047,001.0047
001,0019,001.0019
001,0021,001.0021
001,0081,001.0081
001,0048,001.0048
001,0022,001.0022
001,0076,001.0076
001,0049,001.0049
001,0050,001.0050
001,0051,001.0051
001,0025,001.0025
001,0026,001.0026
001,0028,001.0028
001,0053,001.0053
001,0054,001.0054
001,0055,001.0055
001,0056,001.0056
001,0031,001.0031
001,0057,001.0057
001,0058,001.0058
001,0059,001.0059
001,0060,001.0060
001,0034,001.0034
001,0061,001.0061
001,0062,001.0062
001,0064,001.0064
001,0035,001.0035
001,0066,001.0066
